{
    "loss": 1.4354326725006104,
    "accuracy": 0.7435897588729858
}