{
    "loss": 1.0861546993255615,
    "accuracy": 0.7692307829856873
}